{"stats":{"minecraft:custom":{"minecraft:time_since_rest":5466,"minecraft:sprint_one_cm":15912,"minecraft:damage_taken":350,"minecraft:walk_one_cm":25266,"minecraft:mob_kills":21,"minecraft:drop":2,"minecraft:damage_dealt":14850,"minecraft:fly_one_cm":159957,"minecraft:crouch_one_cm":600,"minecraft:play_time":22497,"minecraft:deaths":1,"minecraft:sneak_time":535,"minecraft:jump":436,"minecraft:leave_game":1,"minecraft:time_since_death":5431,"minecraft:total_world_time":22497,"minecraft:fall_one_cm":478},"minecraft:killed":{"dedsafio_3:rana_gigante":3,"dedsafio_3:blaze_storm":1,"dedsafio_3:r_evill_boss":1,"dedsafio_3:bone_spider":1,"minecraft:trader_llama":2,"dedsafio_3:sapo":1,"minecraft:zombie":2,"dedsafio_3:infernal_bull":1,"dedsafio_3:esquelo_dog":2,"minecraft:wandering_trader":1,"dedsafio_3:creeper_cake":2,"minecraft:creeper":1,"minecraft:enderman":1,"dedsafio_3:taxi_23":1,"dedsafio_3:creeper_warden":1},"minecraft:picked_up":{"dedsafio_3:taxi":9,"minecraft:leather":4,"minecraft:lead":4,"minecraft:torch":64,"dedsafio_3:cetro_ancestral":2,"minecraft:light":2,"minecraft:gunpowder":1,"minecraft:dirt":2,"dedsafio_3:infernal_sword":1,"minecraft:rotten_flesh":4,"minecraft:slime_ball":1,"dedsafio_3:manzana":1,"minecraft:ender_pearl":1},"minecraft:killed_by":{"dedsafio_3:rana_gigante":1},"minecraft:used":{"dedsafio_3:bone_spider_spawn_egg":1,"minecraft:light":50,"dedsafio_3:altar_a":1,"dedsafio_3:armadura_espacial_boots":1,"minecraft:command_block":1,"dedsafio_3:rana_gigante_spawn_egg":1,"minecraft:grass_block":3,"dedsafio_3:sc_3":2,"dedsafio_3:altar_objects":2,"dedsafio_3:armadura_espacial_leggings":1,"minecraft:stripped_birch_wood":1,"dedsafio_3:armadura_espacial_helmet":1,"dedsafio_3:creeper_warden_spawn_egg":1,"minecraft:torch":2,"minecraft:dirt":1,"dedsafio_3:taxi":9,"minecraft:tall_grass":1,"dedsafio_3:sapo_spawn_egg":1,"dedsafio_3:esquelo_dog_spawn_egg":1,"dedsafio_3:creeper_cake_spawn_egg":1,"dedsafio_3:infernal_bull_spawn_egg":1,"dedsafio_3:armadura_espacial_chestplate":1,"dedsafio_3:manzana":2,"dedsafio_3:r_evill_boss_spawn_egg":1,"dedsafio_3:pildora":3,"dedsafio_3:infernal_sword":75,"dedsafio_3:blaze_storm_spawn_egg":1,"dedsafio_3:casino_d_3":1},"minecraft:dropped":{"dedsafio_3:cetro_ancestral":1,"minecraft:light":1},"minecraft:mined":{"minecraft:grass_block":2}},"DataVersion":3465}