{"stats":{"minecraft:custom":{"minecraft:time_since_rest":11715,"minecraft:sprint_one_cm":4306,"minecraft:walk_one_cm":15156,"minecraft:mob_kills":14,"minecraft:drop":1,"minecraft:damage_dealt":13010,"minecraft:fly_one_cm":32577,"minecraft:crouch_one_cm":386,"minecraft:play_time":11715,"minecraft:sneak_time":187,"minecraft:jump":82,"minecraft:time_since_death":11715,"minecraft:total_world_time":11715},"minecraft:killed":{"dedsafio_3:rana_gigante":2,"dedsafio_3:blaze_storm":1,"dedsafio_3:r_evill_boss":1,"dedsafio_3:bone_spider":1,"dedsafio_3:sapo":1,"minecraft:zombie":2,"dedsafio_3:infernal_bull":1,"dedsafio_3:esquelo_dog":2,"dedsafio_3:creeper_cake":1,"dedsafio_3:taxi_23":1,"dedsafio_3:creeper_warden":1},"minecraft:picked_up":{"dedsafio_3:taxi":9,"dedsafio_3:cetro_ancestral":2,"minecraft:rotten_flesh":4,"minecraft:slime_ball":1,"dedsafio_3:manzana":1},"minecraft:used":{"dedsafio_3:bone_spider_spawn_egg":1,"dedsafio_3:altar_a":1,"dedsafio_3:armadura_espacial_boots":1,"dedsafio_3:rana_gigante_spawn_egg":1,"dedsafio_3:sc_3":2,"dedsafio_3:altar_objects":2,"dedsafio_3:armadura_espacial_leggings":1,"minecraft:stripped_birch_wood":1,"dedsafio_3:armadura_espacial_helmet":1,"dedsafio_3:creeper_warden_spawn_egg":1,"minecraft:torch":2,"dedsafio_3:taxi":9,"dedsafio_3:sapo_spawn_egg":1,"dedsafio_3:esquelo_dog_spawn_egg":1,"dedsafio_3:creeper_cake_spawn_egg":1,"dedsafio_3:armadura_espacial_chestplate":1,"dedsafio_3:manzana":2,"dedsafio_3:r_evill_boss_spawn_egg":1,"dedsafio_3:infernal_sword":53,"dedsafio_3:blaze_storm_spawn_egg":1,"dedsafio_3:infernal_bull_spawn_egg":1,"dedsafio_3:pildora":3,"dedsafio_3:casino_d_3":1},"minecraft:dropped":{"dedsafio_3:cetro_ancestral":1}},"DataVersion":3465}