{"stats":{"minecraft:picked_up":{"dedsafio_3:taxi":9,"minecraft:leather":4,"minecraft:lead":4,"minecraft:torch":65,"dedsafio_3:cetro_ancestral":2,"minecraft:light":2,"minecraft:gunpowder":1,"dedsafio_3:altar_objects":1,"minecraft:dirt":2,"dedsafio_3:infernal_sword":1,"minecraft:rotten_flesh":4,"minecraft:slime_ball":1,"dedsafio_3:manzana":1,"dedsafio_3:cuchara_normal":1,"dedsafio_3:cuchara":1,"minecraft:ender_pearl":1},"minecraft:mined":{"minecraft:grass_block":2},"minecraft:killed_by":{"dedsafio_3:rana_gigante":1},"minecraft:used":{"dedsafio_3:bone_spider_spawn_egg":1,"minecraft:light":54,"dedsafio_3:altar_a":2,"dedsafio_3:armadura_espacial_boots":1,"minecraft:flint_and_steel":18,"minecraft:command_block":1,"minecraft:rooted_dirt":4,"dedsafio_3:rana_gigante_spawn_egg":1,"minecraft:grass_block":12,"minecraft:barrier":1,"minecraft:polished_andesite":114,"dedsafio_3:sc_3":3,"minecraft:polished_andesite_stairs":17,"dedsafio_3:altar_objects":18,"dedsafio_3:armadura_espacial_leggings":1,"minecraft:stripped_birch_wood":1,"dedsafio_3:maza":4,"dedsafio_3:creeper_warden_spawn_egg":1,"dedsafio_3:armadura_espacial_helmet":1,"minecraft:torch":6,"minecraft:dirt":84,"dedsafio_3:taxi":9,"minecraft:tall_grass":1,"dedsafio_3:sapo_spawn_egg":1,"minecraft:jungle_planks":4,"dedsafio_3:esquelo_dog_spawn_egg":1,"minecraft:oak_wood":71,"dedsafio_3:creeper_cake_spawn_egg":1,"dedsafio_3:infernal_bull_spawn_egg":1,"dedsafio_3:r_evill_boss_spawn_egg":1,"dedsafio_3:armadura_espacial_chestplate":1,"dedsafio_3:pildora":6,"dedsafio_3:manzana":4,"dedsafio_3:infernal_sword":77,"dedsafio_3:blaze_storm_spawn_egg":1,"immersive_portals:portal_helper":128,"dedsafio_3:casino_d_3":58},"minecraft:custom":{"minecraft:time_since_rest":110937,"minecraft:damage_taken":350,"minecraft:sprint_one_cm":73002,"minecraft:open_enderchest":1,"minecraft:walk_one_cm":171093,"minecraft:mob_kills":24,"minecraft:drop":5,"minecraft:damage_dealt":15350,"minecraft:fly_one_cm":784126,"minecraft:crouch_one_cm":5579,"minecraft:play_time":127968,"minecraft:deaths":1,"minecraft:sneak_time":4553,"minecraft:jump":813,"minecraft:leave_game":1,"minecraft:time_since_death":110902,"minecraft:total_world_time":127968,"minecraft:climb_one_cm":220,"minecraft:fall_one_cm":478},"minecraft:killed":{"dedsafio_3:rana_gigante":3,"dedsafio_3:blaze_storm":1,"dedsafio_3:r_evill_boss":1,"dedsafio_3:bone_spider":1,"minecraft:trader_llama":2,"dedsafio_3:sapo":1,"minecraft:zombie":4,"dedsafio_3:infernal_bull":1,"dedsafio_3:esquelo_dog":2,"minecraft:wandering_trader":1,"dedsafio_3:creeper_cake":3,"minecraft:creeper":1,"minecraft:enderman":1,"dedsafio_3:taxi_23":1,"dedsafio_3:creeper_warden":1},"minecraft:dropped":{"dedsafio_3:cetro_ancestral":1,"dedsafio_3:cuchara":1,"dedsafio_3:cuchara_normal":1,"minecraft:light":1,"dedsafio_3:altar_objects":1}},"DataVersion":3465}