{"stats":{"minecraft:picked_up":{"dedsafio_3:taxi":16,"minecraft:leather":4,"minecraft:lead":4,"immersive_portals:command_stick":9,"dedsafio_3:cetro_ancestral":2,"dedsafio_3:tenedor":1,"minecraft:light":2,"minecraft:gunpowder":1,"dedsafio_3:altar_objects":1,"minecraft:dirt":2,"dedsafio_3:infernal_sword":1,"minecraft:torch":65,"minecraft:rotten_flesh":4,"minecraft:slime_ball":1,"dedsafio_3:manzana":1,"dedsafio_3:cuchara_normal":1,"dedsafio_3:cuchara":3,"minecraft:ender_pearl":1},"minecraft:killed_by":{"dedsafio_3:rana_gigante":1},"minecraft:mined":{"minecraft:grass_block":2},"minecraft:custom":{"minecraft:mob_kills":25,"minecraft:leave_game":1,"minecraft:time_since_death":9682,"minecraft:climb_one_cm":220,"minecraft:time_since_rest":9712,"minecraft:sprint_one_cm":99118,"minecraft:open_enderchest":1,"minecraft:damage_taken":350,"minecraft:walk_one_cm":233504,"minecraft:drop":17,"minecraft:damage_dealt":15360,"minecraft:fly_one_cm":1167183,"minecraft:crouch_one_cm":7857,"minecraft:play_time":175968,"minecraft:deaths":2,"minecraft:sneak_time":6003,"minecraft:jump":948,"minecraft:total_world_time":175968,"minecraft:fall_one_cm":478},"minecraft:used":{"dedsafio_3:bone_spider_spawn_egg":1,"dedsafio_3:armadura_espacial_boots":1,"minecraft:flint_and_steel":19,"dedsafio_3:rana_gigante_spawn_egg":1,"minecraft:polished_andesite":114,"dedsafio_3:altar_objects":18,"dedsafio_3:batidora_legendaria":3,"minecraft:stripped_birch_wood":1,"minecraft:grass":1,"dedsafio_3:lana_arcoiris":2,"dedsafio_3:armadura_espacial_helmet":1,"dedsafio_3:maza":4,"minecraft:torch":6,"dedsafio_3:taxi":16,"minecraft:dirt":85,"dedsafio_3:sapo_spawn_egg":1,"minecraft:jungle_planks":4,"dedsafio_3:esquelo_dog_spawn_egg":1,"dedsafio_3:creeper_cake_spawn_egg":1,"dedsafio_3:manzana":7,"minecraft:oak_wood":114,"dedsafio_3:stone_plyaer":1,"dedsafio_3:infernal_sword":77,"dedsafio_3:casino_d_3":58,"minecraft:obsidian":13,"immersive_portals:portal_helper":129,"minecraft:light":58,"dedsafio_3:altar_a":2,"minecraft:command_block":1,"minecraft:grass_block":16,"minecraft:rooted_dirt":4,"dedsafio_3:sc_3":4,"minecraft:barrier":1,"minecraft:polished_andesite_stairs":17,"dedsafio_3:armadura_espacial_leggings":1,"dedsafio_3:creeper_warden_spawn_egg":1,"minecraft:tall_grass":1,"dedsafio_3:armadura_espacial_chestplate":1,"dedsafio_3:r_evill_boss_spawn_egg":1,"dedsafio_3:blaze_storm_spawn_egg":1,"dedsafio_3:pildora":10,"dedsafio_3:infernal_bull_spawn_egg":1},"minecraft:killed":{"dedsafio_3:blaze_storm":1,"dedsafio_3:r_evill_boss":1,"dedsafio_3:bone_spider":1,"dedsafio_3:sapo":1,"dedsafio_3:esquelo_dog":2,"minecraft:wandering_trader":1,"minecraft:creeper":1,"dedsafio_3:rana_gigante":3,"minecraft:trader_llama":2,"minecraft:zombie":4,"dedsafio_3:infernal_bull":1,"dedsafio_3:creeper_cake":3,"minecraft:enderman":1,"dedsafio_3:taxi_23":2,"dedsafio_3:creeper_warden":1},"minecraft:dropped":{"immersive_portals:command_stick":9,"dedsafio_3:cuchara":3,"minecraft:light":1,"dedsafio_3:tenedor":1,"dedsafio_3:cetro_ancestral":1,"dedsafio_3:cuchara_normal":1,"dedsafio_3:altar_objects":1}},"DataVersion":3465}